AngelThump bonsoir AngelThump,2
Bonsoir :D,2
Letsss gooo :D :D :D,2
"Bonjour tout le monde, Une super soir√©e en perspective HeyGuys",2
Hello !,2
c'ets dans 20 minutes on a le temps AngelThump,2
Salut tout le monde !,2
Hello !,2
hello,2
"Salut le chat, hommages le GoF crew, Gosulting, gg pour le TI c'√©tait trop bien",2
Bonsoir !,2
Vich79 tu as suivi le TI10FR frgFrogThump,2
mrmvPoceblo,2
"Ce que j'ai pu, pas simple en journ√©e",2
Bonsoiir,2
Sept ans et et demi !La preuve que c'est le Papa du stream ;),2
pareil FeelsBadMan,2
Let's go !,2
bonsoir !,2
WOUHOU,2
"Ouf, j'ai cru avoir loup√© 2h d'√©mission quel bonheur Kreygasm",2
je suis pas a jour mais tant pis je craque je me spoil üò≠,2
Mais quelle belle journ√©e ! J'avais oubli√© qu'il y avait GOR ce soir et je le red√©couvre √ßa me met tr√®s tr√®s bien,2
Je vais donc attendre 17 min avant de manger !,2
haaa mais ouiiii Y a GoR ce soir letsGOOOOOOO,2
Bonsoir !,2
bonsoir :),2
Et bonsoir le chat !,2
16 minutes pour rentrer je peut le faire,2
Bonsoir les r√¥listes ;),2
Une petite pr√©di pour le choix de MV ? ^^,2
"Luminiis Oh D√©esse de la nuit, ecoutes ma pri√®re !",2
les r√©sub √ßa compte pour √™tre dans la liste de Fibre en fait ? :o,2
moi jdis un lancer de des pour savoir qui va prendre le dessus,2
@Dimonateur Courage ! Fais attention quand m√™me sur la route !,2
c'est moi ou le son est bizarre ?,2
GonyLinks <3 AngelThump,2
@gadriel_eowilas je suis dans le m√©tro ;),2
"bonsoir le chat, bonsoir habitants d'Aria",2
yo,2
c'est Darty mon kiki !,2
bonsouar tout le monde,2
j'ai honte j'avais oubli√© ce rendez vous d'√©lite du streaming,1
Bonsoir tout le monde :),2
Amis Roliste.... BONSOIR dfgHey,2
prediction sur Raoult ou un nouveau perso ? ^^,2
BONSOIR,2
"2 fois que je me pointais le jeudi soir, je vais enfin le revoir en live TakeNRG Bonsoir a tous le chat !",2
salut les g@merz,1
"ha oui je me souviens ! ""OLA MES BRAVES ! je suis a jour! :D",2
@Fearano Je crois en Raoul !,2
AngelThump Luminiis AngelThump,2
@Fearano the rise of Xavios Talkanie,1
J'esp√®re que Raoul va rester :o,2
B'soir Fearano ! A la vu des r√©actions des concern√©s... j'crois qu'on aura un nouveau perso...,2
"Un nouveau personnage √ßa serait sympa aussi, Raoult ayant sauv√© sa fille",2
Bonsoir √† tous ! L'avenir de Raoul c'est ce soir !!,2
mynKoukou mynKoukou mynCoeur,2
bonsoir <3,2
@Aamadare et pourquoi MV qui joue la fille de Raoul ?,1
Mais du coup si plus de Raoul √ßa annule la menace de oukilia !,2
Nepmia c'etait le nom de la musique ? ou un meme que je n'ai pas :(,2
J'ai eu peur quand j'ai vu la story de mv ^^,2
Vous aussi avez un pb de son ?,2
Mais quelqu'un proposait MV qui reprenne Omelas... √ßa en vrai je demande √† voir mrmvGasm Gameplay full naif et gentil,2
2 semaines d'attentes cest trop on est d'accord x),2
@markou1 Le roleplay fille de 8 ans XD,2
Salut les gens !,2
alexstarkgravity Pause play ou F5 c'est la latence basse,2
What on peux plus caster twitch sur la tv ??,2
Bonsoir !,2
"@Aamadare ce que le peuple veut, il l'a",1
hey hey hey,2
suspense insoutenable √™tre raoul ou ne pas √™tre raoul  tell et la question ?,2
Je vais enfin pouvoir assister en live Kreygasm,2
Memuvd oukilia c'est la maison ? Tant de suspense ... C'est la facilit√© d'abandonner raoul ... Je pense que c'est pas le genre de MV.,2
Le son part en couille ^^,2
bonsoir,2
"@Fearano Non c'est juste le nom du perso que j'aimerais a la place de raoult, un fork du prenom d'MV avec en nom de famille la fusion de Tapie et Balkany, forc√©ment le perso serais un homme politique de la belle soci√©t√©",2
"L'attente √©tait si longue, trop h√¢te de ce soir !",2
@euveutz j'ai jamais r√©ussi moi ...,2
peut-√™tre enfin bon ils prendre la direction de keos,2
Bonsoir !,2
Bonsoir,2
Bonsoiiiiiir,2
Bonsoiiiir,2
"Fearano Ouais c'est la maison ! Bah la facilit√© par trop non plus √ßa veut dire 0 Loot, exp√©rience etc ! Faut pas oublier qu'il a eu l temps de farm les comp√©tences comme jamais !",2
Il me semble que Fibre est pas chaud pour garder le perso de Raoul,2
ah j'ai hate que sa commence !,2
hate de decouvrir le nouveau perso de MV,2
piou piou bonsoiiiir,2
let's gooooo #prayforraoul,2
Bonsoir tout le monde ! Trop content de pouvoir venir regarder en live pour une fois,2
mynCou mynCou,2
bonsoir !,2
la bonne surprise,2
HypeBard que l'√©pop√©e du plus grand des bardes r√©sonne,2
"Il en parlait dans un stream juste avant la reu avec mv, un MJ normal aurait m√™me pas laiss√© le choix",2
"Nepmia C'est ce que j'avais cru deviner, mais j'etais pas sur d'avoir toutes les ref. Et a la premiere lecture je me suis dit ""erreur de tag pseudo"" pour la musique ahah.",2
Bonsoir ! :y,2
quel suspens insoutenable,1
Bien le bonsoir !,2
quelqu'un a le tire de la musique ?,2
"Vite, la musique du g√©n√©rique, juste le temps de faire la vaisselle !!!...",2
je suis pret a faire mon deuil de raoul BibleThump BibleThump BibleThump et vous?,2
"Apr√®s c'est cool aussi que ce soit pas un MJ ""normal"" et qu'il pense un peu au public ! Ca permet d'avoir un show bien de notre cot√© aussi ! Apr√®s il saura √™tre rigoureu quand il le faudra !",2
Bonsoir √† tous ! Aller ce soir c'est la soir√©e d√©cisive: La derni√®re de Raoul dans le JDR ... ?,2
ponceCRY ponceCRY ponceCRY,2
Bonsoir √† tous,2
"blackcalimereau Nous en parle pas, on discute de √ßa depuis tout √†l l'heure on est tous en monkaEyes",2
maximilien_blanc je ne suis pas pr√™t mais bon j'√©tais pas pr√™t aux 100 de lydia non plus BibleThump,2
"Bonjour, je d√©couvre le JDR avec MV et je vois que cela est d√©j√† la S6 faut-il avoir suivit les autres saisons pour suivre celle-ci?",2
@blackcalimereau en fait on sait d√©j√†,2
blackcalimereau la derniere cetait l'episode 4 ;),2
bonsoir √† tous ! petite predi pour savoir si Raoul n'est plus ? :D,2
Bonsoir o/,2
AH,1
bonsoir √† toutes et tous,2
C'est sur Memuvd ! Mais c'est cool qu'il fasse assumer les actes et les choix je trouve,2
"@NusthyB non, les saisons pr√©c√©dentes c'√©tait une autre √©quipe jusqu'√† la 5 je crois",2
Hello üëã,2
@nusthyb non mais il y quand m√™me des r√©f√©rences aux saisons pr√©c√©dentes,2
"@NusthyB Salut, non juste les √©pisodes de la saison ;)",2
"@NusthyB Non, mais tu peu te faire plaisir a le faire pour avoir toute les refs cach√©, mais c'est pas oblig√©",2
@koenigsbiere √ßa marche pas si on sait d√©j√†,2
Zanidou Oui ! Je pense qu'il saura bien doser !,2
@Luminiis Vous ici BibleThump BibleThump,2
@NusthyB la saison 5 √ßa aiderait a comprendre certain truc,2
bonsoir !,2
Bonsoir !! pfff pr√™t pile √† l'heure,2
"Memuvd C'est vrai, j'ai pas suivis a fond tout les episode et je connais pas bcp le monde du role. En effet le MJ gere et nous propose une aventure d'exception. J'adore tout ces rebondissement :)",2
@bakelith comment √ßa on sais d√©j√† ? :o,2
Let's go ! Salut tout le monde mrmvJessie,2
"Wow, merci pour toutes vos r√©ponses <3 je me ferais un plaisir de regarder les anciennes alors :)",2
LET'S GO,2
Bonsoir ! :D,2
Hello tout l'monde! üòÅ,2
Laissez Raoult je vous en supplie T.T,2
@koenigsbiere Fibre en a d√©j√† parl√© (hors GoR),2
Bonsoir GoR ! <3 <3 <3 <3,2
Je voudrai trop avoir les e√©mots mv mrbAmour mrbRonflex mrbLove mrbSugoiii mrbLove mrbGG,2
coucou tlm,2
J'ai 3 √©pisodes de retard. Vais-je regretter d'√™tre ici ce soir ? Oui s√ªrement HeyGuys,1
AngelThump Luminiis Des projets de destructions ce soir ? AngelThump,1
"snack + boisson pret , c'est tipar",2
krqck la d√©esse de la nuit est pr√©sente en permanence AngelThump,1
Bonsoir !,2
bonsoir ponceCOEUR,2
"la musique juste avant √©tait ouf, quelqu'un a le titre?",2
@MaraCapucin j'en ai 1/2 de retard √ßa me rassure haha !!,2
"Fearano C'est tellement √ßa ! Parce que du coup m√™me sans forc√©ment connaitre les jeux de r√¥le, en soit c'est comme si on regardait une s√©rie, et je pense qu'on peut vraiment se prendre au jeu sans forc√©ment connaitre les r√®gles :D Vraiment un rdv incroyable :D",2
@bakelith mais Nan ? il disait quoi ? :O (viens en mp pour pas spoil les autres),2
@KellyKeko Ne suis pas mon exemple !!!,2
GonyLinks les d√©s sont d√©j√† jet√©s AngelThump mrmvFail,1
le son bugue pas un peu ? Un peu comme le son parfois en avion ?,2
Bonsoiiir ‚ù§Ô∏è,2
c'est aujourd'hui qu'on dit aurevoir a raoul ?,2
Vive Game of Roles !,2
"Et bien on se souviendra de lui ! Notamment pour ses exploits tel que d'avoir s√©parer l'eau d'un fleuve en deux, d'esquiver des attaques en dansant ou bien de chevaucher une cr√©ature t√©n√©breuse pour √©chapper √† ses ennemis KEKW",1
cc,2
@Colored_Man Peut-√™tre,2
tellement comptant d'√™tre la ce soir!,2
"Bonsoir √† tous, bonsoir Fibre du Turfu ! cpcCheerz dazjdmCmdr",2
Saluuuuuuuuuuuuuut !,2
slaut tout le monde :),2
En vrai j'ai confiance en fibre et en mv pour nous sortir un nouveau perso de fou si Raoul s'en va,2
@monsieur_buh  little hero de Aleksey Chistillin !,2
"@nusthyb la 6 est la continuit√© directe de la 5 qui se situe dans le m√™me univers que les autres. Sachant que la 4√®me est surtout li√©e au Gor de la cha√Æne Mademoiselle, une sorte de spinoff.",2
coucou les coucous !,2
mrmvFail mrmvFail Les d√©s sont jet√©s pour Raoul ! Va-t-on avoir une surprise ?,2
bonsoir,2
hola,2
trop trop hype *^*,2
tellement hyp√© par savoir si raoul va survivre,2
la suite ou la fin de Raoul ?,2
grub1er desactive la latence basse si tu as une distortion du son,2
g√©nial bonsoir √† tous,2
"bonsoir, √† l'instant JDG annonce MV dans stream ce soir. Quelle indignit√© ;-)",1
lu,2
Salut la commu,2
qu'est ce qu'on va donc nous vendre aujourd'hui,1
<3 <3 <3 <3 <3 <3 <3 <3 <3 <3 <3 <3 <3,2
"Message pour qui lira : bient√¥t des nouvelles chansons de Raoul, avec entre autres ""j‚Äôai une galaxie dans le cul.""",1
Bonsoir les gens,2
"Tellement cool que le tchat se triture autant les neurones sur le sort de Raoul, c'est dire si le cliffhanger √©tait bon !",2
bonso√®re,2
j'aime bien cette petite musique d'attente - qui est le compositeur ?,2
Bonsoir toute l‚Äô√©quipe de GOR,2
Merci √† Darty bien)s√ªr !,1
"@edd_dantes Un √©cran plat, √©videmment !",1
yoooo,2
c'est dr√¥le de voir des noms de sub dans le chat genre @blackcalimereau t'as √©t√© un personnage nan ? :D,2
"@JamieAllOver2 Bonsoir, tr√®s bien j'irais apr√®s ce soir, suivre les anciennes saisons pour bien comprendre jusqu'√† maintenant. Merci pour ta r√©ponse :)",2
la musique a deux trois accord sortie de la musique de GoT j'avais jamais entendu,2
Kikou.,2
Bonsoir les amis,2
"SamuelGenin O M G, c'est d√©j√† mythique",2
Bonsoir tout le monde !! VirtualHug,2
@SamuelGenin omg oui,2
Ketouki tu arrives juste √† temps AngelThump,2
Pray4Raoul,1
@edd_dantes ahah j'ai hate !,2
@SamuelGenin merci albatros,2
"""MV, revieeeeens !!!"" :'-(",2
Hyyyyype!,2
ICI C'EST SILMI  ! (ah non tromp√© de jour ),1
RIP Raoul,2
ola les braves !,2
on attend le moment ou le chrono va remonter de 10 minute,1
Deja 7000 et ca a pas commenc√© !,2
salut ! alors l'avenir de Raoul se joue se soir des pronostique ?,2
@KellyKeko J'aurai aim√© mais non √ßa n'a pas √©t√© le cas haha. Je suis juste souvent ici :p,2
hey bonjour les gens,2
Raouuuul BibleThump BibleThump,2
Bizzare ces dissonances dans la musique. Est-ce que ca annonce la fin de Raoul ?,2
"Musique nostalgique , la fin de Raoul , l'ascencion d'un nouveau hero",2
Bonsoir √† toute l'√©quipe de GoR !,2
Bonsoir ! Z√© parti pour une superbe soir√©e :D,2
lets go,2
zrtAH,1
Ho cette musique EARGASM,2
@darkenzodu38 Tu disais?,1
Ui z'est partiii,2
coucou,2
Bonjour tout le monde !,2
Bonsoir tout le monde derivHia,2
Bonne partie √† tous ‚ù§Ô∏è,2
Hello :D,2
allez Raoul ma poule !,2
z√© parti lez goo,2
Je suis d√©j√† nu,1
la musique est niqu√©e √ßa pue,2
Lesssgong,2
Bonsoir la team !,2
le GoR mademoizelle est un spin-off qui se passe des ann√©es apr√®s. D'ailleurs on retrouve Richard Michaud adulte,2
ptdr comme d'hab les rajout perpetuelle,2
"Bnosoir tout le monde, bon √©pisode et vive Darty !",1
Vive le foie de veau !,1
Hey ils ont augmenter le temps la ?,2
Ah!,1
v'est moi ou le conteur a sauter :P,2
hello,2
@PointOmega c'est chez toi,2
La musique est en mode lent comme le chat,2
je mouille ptn jsuis  humide,1
c'est honteux !,1
Hello tout le monde VoHiYo,2
Ah la musique va mieux ! n'h√©sitez pas √† refresh si besoin est !,2
Bonsoir tlm,2
Salut,2
"3,2,1, 25 !",1
Bonsoir tt le monde,2
j'ai hate de decouvrir le nouveau perso de MV,2
√† fond Darty chaud !,1
Lessgogoooooooo,2
shinysakana Ah !,1
mdr le son,2
"salut √† vous, belle compagnie !",2
slt,2
El fuegooooooo,2
"Arf j'reviens voir une session de GOR au mauvais moment vu ce que je lis au dessus... j'√©tais en train de ratraper mon retard sur les rediff ! Mais pas grave, √ßa va √™tre cool tout m√™me !",2
"Bient√¥t le nouveau single de Raul ""Alba tard a cass√© le 4√®me mur""",1
vive darty (ad),1
bonjour √† toutes et √† tous,2
Heeere we goooo,2
knyCOEUR knyCOEUR knyCOEUR,2
Pile √† temps :D,2
"j'ai pas vu la fin du dernier √©pisode, Atlan va √™tre l√† aujourd'hui ? :D",2
Bonsoir,2
Ca commence bient√¥t !,2
let's go,2
zrtDing zrtDing zrtDing,2
BONSOIR,2
yeahhh !,2
lets gooo,2
LETS GO PogChamp,2
Bonjouuuuuur,2
aller,2
fibretCoeur <3 fibretCoeur <3 fibretCoeur <3,2
Bonsoir,2
UwU,1
fibretCoeur fibretCoeur fibretCoeur fibretCoeur,2
yooo,2
ca resonne,2
Ze parti,2
Bonjour !! <3,2
<3 <3 <3 <3 <3 <3 <3 <3,2
Nouveau set up ?,2
oulah !,2
OUIII,2
oula √ßa resonne,2
valoot1Coeur,2
<3,2
echo,2
<3,2
raoul BegWan,2
OUIII,2
Il a cass√© le suspens comme √ßa KEKW,2
labonn2Cor <3 labonn2Audergine VirtualHug,2
Cette musique √©pic Bien le Bonsoir,2
oh l'√©cho du monast√®re,2
oooh,2
<3 <3 <3,2
RAOULLLLL <3 <3,2
Yaaaaaaaay,2
let's go !,2
knyCOEUR knyCOEUR knyCOEUR knyCOEUR knyCOEUR knyCOEUR knyCOEUR knyCOEUR knyCOEUR,2
Bonsoiiiiiiiiir,2
ouiiii,2
quoi raoul est encore l√†,2
Echo echo echo,2
<3 <3 <3,2
YES !!!!!! PogChamp PogChamp PogChamp PogChamp,2
ca ressonnne un peu oui,2
echo :/,2
<3 <3,2
pour une fois qu'on allait abandonner un personnage... d√©√ßu un peu qd m√™me,2
bizou,2
<3 <3 <3 <3,2
<3,2
<3 <3 <3 <3 <3 !,2
Bravo vive Raoul !,2
Esprit √©glise,1
l'√©cho*,2
<3,2
J‚Äôte suce @peche_jolie,1
le sooooon,2
VirtualHug VirtualHug VirtualHug VirtualHug VirtualHug,2
lezgooooo,2
Bonsoir tout le monde. derivHia,2
Et bonsoir √† tous ! Quel plaisir de vous retrouver et h√¢te de voir mon sub garanti se r√©aliser mrmvTheodule,2
<3,2
<3 <3 <3,2
Bonsoiiiir !,2
mrmvPoceblo,2
<3 <3 <3,2
"journ√©e de l'enfer, j'attendais la soir√©e avec impatience",2
Ptit live au Monast√®re Am√®re,1
pas fou le son :x,2
c parti,2
ponceCOEURX ponceCOEURX ponceCOEURX ponceCOEURX ponceCOEURX,2
<3 <3 <3 <3,2
Un peu d'echo pour monsieur Tigre,2
SeemsGood <3 <3,2
<3 <3 <3,2
mistermv probl√®mes de micros √ßa r√©sonne beaucoup,2
chaque fois que je vois unDary ou un camion j'h√©site √† faire un selfie. la derni√®re fois mon p√®re √©tait √† c√¥t√© de moi il allait me prendre pour une folle donc je le suis dit nope,2
mynCou mynKoukou,2
Y a pas des soucis de mixage ?,2
LUK,2
<3 <3 <3 <3 <3,2
<3 <3 <3,2
press F,1
Je passe la pire semaine de ma vie merci d'exister <3,2
C'est moi ou le son est moins bon que dab ?,2
<3 <3 <3,2
Un souci de son non ?,2
raoul n est pas parti du coup,2
<3 <3 <3 <3 <3 <3 <3 <3 <3 <3,2
le soooon,2
C'est moi ou on dirait qu'ils sont dans une cath√©drale ?,2
Le tee shirt <3,2
Joli T-Shirt Fibretigre,2
Micro de tigre horrible,2
Le studio est grand je crois :/,2
Y'a un petit √©cho non ?,2
<3,2
Le micro de lam est un peu loin,2
Salut les Coolos !,2
y a de l'echos,2
<3 <3 <3 <3 <3,2
le son est bizzar oui,2
le son est un peu en √©cho,2
le son √† un echo de ouf,2
Il y a un √©cho h√©las D:,2
Le son plz,2
Les HS de 5h du mat √† cause de Mynthos l√† ....,1
C'est √ßa de faire des der avec Mynthos et Ben mynSmirk,1
"La d√©co est en mode nuit, √ßa repose les yeux",2
<3 <3 <3 <3 <3,2
Ils sont dans un nouveau studio,2
son bizarre oui,2
"bonsoir, la bonne echo qui pique les oreilles",1
Lydia__am allez la follow IMMEDIATEMENT sur Insta,1
On va avoir la sponso Darty pour un syst√®me son,1
mdr,2
Le son est HYPER √©touff√©,2
Bonsoir,2
C'est assez perturbant,2
y'a un √©cho wep,2
haha,2
Double _ !,2
echo,2
l'abus est total xd,1
le son r√©sonne,2
Moi j'ai 1 seul _   BibleThump,2
echo sur les micros,2
C'est comme si il y avait un micro ouvert qui ne devrait pas l'√™tre,2
probleme de son?,2
beaucoup d'√©cho üò∂,2
Ah. KEKW,1
salut !,2
lydia__am,2
<3 Alba <3,2
Adrien le son stp <3,2
ALBAAAA <3,2
Ben Bravo Adrien !,1
"au son cest adrien , bon ADRIIEN ?",1
ADRIIIIEN le soooon,1
Adrien le son !,1
"Adrien, peut mieux faire mon ami :/",2
oui ALBA !!,2
Cette honn√©t√©,2
Le son est zarb,2
Adrien: tu as du boulot,1
GG Alba <3 <3 <3,2
alba est gu√©ir <,2
Ah ! Adrien le son s'il te plait !,1
ALBA <3 <3 <3,2
Adrien faudrait faire quelque chose pour le son d'ailleurs. ^^,1
Adrien le son pas ouf,1
PLEASE SON,2
"Aie, coup dur pour Victor",1
Oh ils sont chauds ce soir KEKW,2
titavGG √† @Alba,2
Courage Adrien !,2
on dirait qu'on capte le son d'un mixro overhead. Mais c'est bien deja.,2
Merci Vincent !,2
Bonsoir les amigos !!!,2
GG Vincent si tu nous lis !,2
oui alba ! <3 <3 <3 <3 <3,2
<3 <3 <3 <3 <3,2
Merci Vincent ! <3,2
pk pas :),1
darty <3,1
F√©l√©citation ALBA,2
je veux pas dire mais lydia a des coeurs sur sont haut mais je pense qu'elle va plus en briser avec les coeur stellaire XDD,2
Merci darty,1
le contrat de confiance,1
Merci la r√©gie <3,2
Merci,2
Oui vive game of rolls donc vive Darty,1
Bonsoir Konbini !,2
Darty  ‚ô•,1
merci DARTY <3,1
c'est moi ou le son est un peu chelou,2
<3,2
Dans mes veines,2
Salut les gens =),2
Merci Dirty !,1
Merci toute la r√©gie,2
Ils enregistrent dans une eglise,1
C'est Darty mon quiqui,1
Le son üò≠üò≠üò≠üò≠,2
Fibre est chaud √ßa fait plaisir,2
"apres l'assurance, le service technique",1
merci Darty-senpai ! <3 <3,1
‚ù§,2
Arigato Darty-sama <3,1
salut !,2
toujours plus ! xd,1
Merci Darty senpai !,1
Victor c'est conqu√©rant :),2
la promotion de l'esclavage,1
oskour haha,1
Il vient aussi pour tester le lit ?,1
y a un soucis avec le son nom?,2
vous √™tes dans une cath√©drale o√π bien ??? √ßa r√©sonne de ouf,2
Wtf chelou ce service quand m√™me en terme de conditions de travail,2
√ßa r√©sonne oui,2
J‚Äôadore le service technique Darty je vais l‚Äôacheter tout de suite,1
personne lis le chat je crois,2
bonjour √† tous !,2
^^,2
vous pouvez aussi finir comme la d√©esse (avec de la chance AngelThump ),2
Le sub qui s'en sort le mieux √ßa reste Luminiis KEKW,2
yep √ßa r√©sonne,2
√ßa r√©sonne beaucoup par rapport √† d'habitude,2
si moi je lis,1
Memuvd je te veux dans cette liste <3,2
et du coup les subs de ce soir sont plus dans l'histoire ?,2
j'ai vu twilight sparkle monkaS,1
Ils ont chang√© de studio,2
Bonsoir,2
je lis aussi el chat :),2
monodieHYPE monodieLUV monodieHYPE monodieLUV monodieHYPE,2
je veux mon nom aussi !!!,2
Ils ont chang√© de setup donc c'est possible qu'ils g√®rent encore pas bien la gestion du son,2
Bonjour √† tous üôèüôè,2
Le livre du Long soleil <3,2
Ce son ‚Ä¶‚Ä¶.,2
le son est pas terrible,2
Fearano Ahahahah t'y es toi ? :p,2
pretresses.com,1
je fais ma premi√®re soir√©e initiation  JDR la semaine prochaine !,2
On dirait que le mic de Fibre est off,2
no kink-shaming!,1
Salut Mathieu :),2
"> On a compris que √ßa r√©sonne, on a pr√©venu la r√©gie, ils font surement au mieux, au pire c'est acceptable ainsi, vous survivrez promis ! < mrmvPoceblo",2
"Si je dis que j'adore Game of R√¥les au mec de Darty, il me fait une ristourne ?",1
Oh du Tails of Equestriaaaaa !!!,2
bonsoir,2
Souci de son je crois,2
C'est vrai que le son est bizarre,2
je le veux c'estpour un ami,1
si vous voulez Evy pretresse de luminis cest dedans?,1
c'est pour le travail !,1
<3 <3 <3 <3,2
LETS GO,2
est-ce que les sub prime comptent pour gagner les cadeaux ?,2
@Krysalgir Merci pour l'abonnement-cadeau !,2
Hadrien stp fait quelque chose,1
y a de la reverb s√©v√®re,2
han le JDR MLP le feu,2
Juuuuuuure MLP <3,2
JE VEUX TALES OF EQUESTRIA,2
oui on dirait que le probl√®me de son vient de Fibre,2
Wiii MLP c'est trop bien en vrai,2
Session browny,1
Daz en petit poney KEKW,1
Daz qui d√©nonce KEKW,1
@LordBorak Non je crois que c'√©tait que la derni√®re fois Sadge,2
Oooooh <3,2
"Je pourrais pas tout suivre en live mais merci pour tout (et les vod), c'est un super programme rempli de gens dr√¥le et talentueux. merci au partenaire Darty :D",2
POGGERS trop beau POGGERS,2
Goal Zevent: JDR mon petit poney?,2
trop styl√©!!,2
VirtualHug VirtualHug VirtualHug,2
"Hello, ouf, j'ai rien loup√©",2
Mais tous ces Goodies insane,2
jolie !,2
Le son ;c,2
Merci Alligataure !,2
<3 <3 <3 <3 <3 <3 <3,2
oh wooow,2
Wouaaaaah GG !,2
olalal tant d'amour <3,2
Mais il connait plus les noms de ses dragons xD,2
"Il faut vraiment faire quelque chose pour le son svp, c'est inaudible",2
Y a un probl√®me de micro la pour fibre non ?,2
Incroyable,2
Le son c'est normal ?,2
le son please NotLikeThis,2
styl√© !!,2
Lydia__am ?,1
piti√© le son,2
Fibre le rat x'D,1
Mais quel prince ce fibre tigre,1
quel menteur c'est moi qui les ai achet√©s ! scandale,1
merci !,2
Les micro cravate sont out,2
tr√®s beau !,2
le son ayayaye,2
Repose en paix petit porte-monnaie de Fibre,1
Ils sont ALi-Gat√©,1
"Il y a comme un √©cho, je confirme",2
bonsoir,2
la pice doit etre grand et vide du coup ca r√©sonne un peu,2
mdr,2
le son svp,2
Ahh elle est sur le didi je savais que j'avais vu ca,2
y'a pas un soucis de son ?,2
le son est pas terrible ce soir,2
Oui c'est pas les micros cravates la,2
@Qratu_ La v√©rite doit √©clater !!!,1
Oskour le son NotLikeThis,2
Probleme de micro non ?,2
la prochaine unit√© ce sera le lingot d'or,1
profites en Hadrien,2
Bravo Alligataure !!,2
Le son la r√©gie... beaucoup d'√©cho,2
"Bravo @Alligataure, ils sont magnifiques",2
Ah du son,2
ah l√† l√† son est clean,2
Piti√© le son quoi,2
R√©volution pour Qratu !,1
la reveeerb,2
le son est malade la r√©gie !,2
atlan <3,2
@r√©gie svp,2
Les gars l'emission est lanc√©e maintenant il y a peu de chance qui r√©ussissent √† am√©liorer le son :/ faites votre deuil et soyez compr√©hensif *,2
J'arrive juste √† temps ! Bonsoir tout le monde,2
chuis choqu√©e par cette d√©sinformation/ingratitude,1
luminiis √† quand m√™me un des meileurs pnj,2
le son du plateau √† beaucoup de reverb oui,2
"Harrrgg le son, √ßa va pas √™tre possible pendant deux heures",2
atlan <3,2
ah yes je suis pas trop en retard,2
Atlan seyaleDcoeur,2
c'est maintenant ou jamais Hadrien,2
calmez vous les gens la r√©gie est sur le coup vous inqui√©tez pas :),2
atlan quel homme,2
@bonifred47 3h ;),1
mynLilou mynLilou,1
Raouuuul <3,2
GOFROL c'est vraiment trop bien,2
Luminiis Vous ici ? :D,1
CE DRAMA,1
raouuul part pas :(,2
J'arrive au bon moment ! GOOOO,2
@hydrasile fille de la reine Julia d'Aria,2
RAoul reste !!!,2
gl1Keur gl1Gor gl1Keur gl1Gor gl1Keur,2
la hype!!,2
peut etre une nouvelle arivante?,2
‚ù§Ô∏è ‚ù§Ô∏è ‚ù§Ô∏è,2
j'espere qu'il change de perso MV en vrai,2
knyCOEUR knyCOEUR knyCOEUR knyCOEUR,2
<3 VirtualHug <3 VirtualHug <3 labonn2Cor <3 rolenpGenial,2
<3 <3 <3,2
atlan pr√©sident,1
Darty le sang,1
Darty ouiiiii,1
Et merci Darty pour le partenariat !,1
lets oo,2
Kinroi la d√©esse est toujours pr√©sente AngelThump,2
"Franchement, stp Fibre fait que tu aies lu mon message twitter pour Raoul <",2
Mais tellement de frissons cette musique quoi...,2
<3 <3 <3 <3 <3,2
c'est trop bien,2
Oooou-iiiii Kreygasm Kreygasm Kreygasm,2
mynLilou mynLilou mynLilou,1
Raoul il emm√®ne ses enfants avec lui quand m√™me,2
100% MV change de perso,2
mynLilou,1
et c'est reparti!,2
<,2
Merci Darty :p,1
<3 <3,2
vive game of role,2
mynCoeur mynCoeur,2
<3 <3 <3,2
lesgoooo monodieLUV monodieHYPE monodieLUV monodieHYPE monodieLUV,2
Darty FTW,1
J‚Äôesp√®re que Raoul va rester,2
@ma_gentille_maman tfa√ßon c'est pas toi qui d√©cide,1
a o√©,2
go dark briser tous les coeurs stellaires,2
<3 <3 <3 <3 <3,2
Evy de m√©tal,1
bon je go taf.  bonne soir√©e,2
Raoul D:,2
Raaaooouuull coeur coeur,2
Ah ptn je suis pas all√© aux toilettes avant,2
@Luminiis PogChamp,2
voix dans g√©n√©rique √™tre comme mrmvGasm mrmvGasm,2
<3 <3 <3 <3 <3 <3,2
<3 <3 <3 <3 <3,2
La fin de Raoul √† tous les coups BibleThump,2
<3 <3 <3,2
Darty <3 <3,1
vive DARTY,1
NotLikeThis Coup de Th√©aaaaatre NotLikeThis,1
Enfin que je peux suivre une game en live,2
<3 <3 <3 <3 <3 <3 <3,2
woooooo ca va √™tre trop bieeeeeen!!! GOGOGO,2
oula le son d√©conne,2
HeyGuys,2
merci d'avance pour cette soir√©e <3,2
<3 <3 <3 <3 <3 <3 <3 <3 <3,2
@Vitalinfinity moi nan je veux trop un nouveau perso,2
@luminiis  bravo !!,2
Adieu Raoul,2
Raoul se barre,2
<3 <3 <3,2
‚ù§Ô∏è‚ù§Ô∏è‚ù§Ô∏è,2
ah c'est donc √ßa,2
Yes le son,2
"Fierdagon cest chez toi, desactive la latence basse",2
Ah tout s'explique KEKWQ,2
<3 <3 <3 <3,2
un peu beaucoup .. c'est chaud √† √©couter,2
c'est un peu mieux l√† d√©j√† j'ai l'impression,2
"Vous voyez ? Pas la peine de spam, ils sont sur le coup, prenez sur vous le temps que √ßa se r√®gle",2
<3 Adrien courage,2
cette intro de qualitad mrmvPoceblo,2
pas de soucis bon courage <3,2
Courage Adrien masterForce,2
ah bah sa va alors !,2
ponceCOEURX,2
pk y'a un travelot ?,2
<3 <3 <3,2
oh les cheveux de mv insane,2
C'√©tait donc √ßa. Un grand gg,2
c'est tr√®s bien quand m√™me !!,2
merci adrien !! <3 <3,2
√ßa marche bon courage pour le son  <3,2
yeahhh let's go,2
Salut la compagnie. Bordel j'ai rat√© le d√©but. MV a reroll ?,2
Bon courage Adrien !,2
ptit deverb sur izotope rx 9,1
On croit en toi Hadrien,2
Et ils ne font pas de test de son ? :/,2
Soutien la r√©gie <3,2
et c'est reparti TPFufun,2
hello,2
courage aux ing√© pour le son !,2
la nuit AngelThump,2
trop classe cette magie,2
la maladie des √©toiles HahaThisisfine,1
@xxdarkmaelxx Mais qu'est-ce que tu racontes avamindWTF,2
Oulah Fibre KEKW,2
"Adrien, le contrat de confiance",1
deja dit la semain derneire mais isok√©,1
"la magie des √©toiles quand son but est de les d√©truire, oskour @Luminiis   !!!!! BibleThump",1
"Psychometer ca veint de commencer, vraiment",2
Bonsoir tout le monde !,2
zrtMichel zrtMichel  Courage,2
"@Psychometer Ca vient juste de commenc√©, on sait pas encore mrmvPoceblo",2
Ah oui la constellation du full fail ahah,1
la nuit evy c'est une d√©esse invincible et devineresse,1
"mais elle a le droit de faire de la magie des √©toiles la pretresse de luminis,",2
"@Fearano Ouf, merci :)",2
Lydia est tellement belle ...,2
La synergie de fou avec les pouvoirs de Luminiis D:,2
elle s'en servira pas comme la magie runique de toutes maniere XD,2
Styl√©! :o,2
parfois c'est une etoiles que tu n'a pas encore detruite mais c'est rare,1
ses yeux sont si beau √† lydia !! <3,2
pas malchance,2
@luminiis apporte nous ta b√©n√©diction !,1
comme chez mademoizelle,2
le combo incroyable de pouvoir : elle lit les √©toiles et elle les d√©truit ><,2
Elle a tenu sa parole avec Luminiis et a tu√© des milliards de gens en effet KEKW,1
on peut jouer √† aria sans acheter la version papier ? Je voudrais motiver mes potes mais j'ai pas envie d'acheter s'ils se d√©gonflent,2
luminis approuve,1
c'est cool,2
lydia serment? lol,1
Oh la m√©canique d'j√† vue :),2
@drnossberg oui y'a version pdf,2
tr√®s pratique pour le sav,1
tellement classe,2
g√©nial pour son buiseness,2
Une id√©e incroyable comme comment vendre une garantie dans un monde h√©roic fantasy :p,1
@cyrano91 Et comme depuis la saison 2 ;),2
@drnossberg y‚Äôa la version pdf qui est moins cher mais toujours payante,2
WTF bonsoir,2
l'√©toile de l'expiration,1
mv incroyable,2
pololo,2
C'est beau,2
POGGERS,2
Ohlala,2
de ttes fa√ßon ils vont oublier d'ici 1h30,1
POGGERS,2
@drnossberg Il y a le Pr√©ludes moins cher et tr√®s complet sur Elder Craft ;),2
mdr cette luck,2
POGGERS,2
W T F,2
KomodoHype,2
raoul cette legende,2
poooh,2
mv fais moi l'amor,1
leak !!,2
je pari que fibre a une feuille blanche et il leur file des pouvoirs sans tenir compte du jet de d√© xD,1
No spoiiiiiiil,2
Agnnarr je vais b√©nir les d√©s d'evy pour essayer de r√©soudre son probl√®me de 93 et 100 mrmvFail KEKW,1
de l'id√©e pour r√©soudre la vente du service technique,1
PogChamp,2
GG hadrien t'y es presque zrtL,2
N√© sous l'√©toile de Darty,1
incroyable !,2
la MVLUCK,2
raoul le cheat√©,2
mv le meilleur jeteur de d√©s,2
MV va bient√¥t changer de perso KEKW,2
La MV luck doodDerp,2
"le cul b√©ni bord√© de nouille, la MVLuck engine",2
"j'adore le rire de fibre, il me tue  :D",2
le coup de pression,2
il est trop belle,2
il s'appelle cmt le mec au boucle d'oreille,2
"Raoul va tellement partir soon, ils font trop de blague",2
"Et non c'est l'√©toile du baton, tu trouve des batons",1
mv qui va changer c'est s√ªr...,2
inratable,1
Dommage. KEKW,1
Ho non KEKW,1
Evil Fibre be like :,1
Mais Raoul cet √™tre √©lu,2
raoul va partir 100%,2
bonsoir,2
KEKW Classique,1
bordel,1
Il est ado quoi,1
rip mimolin,1
Coup dur,1
aie KEKW,1
la nuit devient un enfer pour Mimolin,2
√ßa sent le reroll de Raoul U.U,2
mrmvFail Ca commence,2
mv quelle √©toiles svp ?,2
c'est un emo,1
l'echec,2
oh non petit chou,1
hahaha le pauvre mimolin,2
La crise d'ado,1
Mimolin'ed,1
EMOlin,1
KEKW la poisse le pauvre l√¢m,2
Zeldabricot Roi des dieux,2
le son est terrible,2
F,1
Oh le son quand ils parlent fort... :(,2
Raoul qui carry,1
Le son est √©trange ce soir non ?,2
Raoul le dieu vivant,1
140 ans de Ba*se,1
"@Delife_FR @Aeifka  Ha ouiii! Merci √† vous j'avais pas vu, je vais partir l√†-dessus !",2
MV  en mode beau goss faut le reconnaitre. GG la coiffure et la tenue,2
Raoul le barde cheat√©,2
je veux la vie de Raoul VoHiYo,2
ty @Memuvd,2
‚ù§Ô∏è,2
C'est vrai que maintenant il ya des carte POGGERS Ils sont trop fort POGGERS,2
woah belle carte !,2
ha mince du coup il a garder raoul,2
DUbai avec le palmier ?,1
"il est glorieux MV, ce soir !",2
tr√®s belle carte,2
Il faut trouver le coeur stellaire de l'√©toile du d√©sespoir pour sauver Mimolin haha,1
Fearano Ahahah j'ai pens√© la m√™me chose !,2
Navire de MTAL,1
magnifique comme la carte,2
Navire de metal,1
C'est normal le son un peu bizarre ?,2
navire de m√©tal,1
les navires de m√©tal,1
la carte est insane,2
tres jolie map,2
Pauleto üëÅÔ∏è üëÅÔ∏è,2
MrDestructoid Navires de Metal MrDestructoid,1
en esp√©rant qu'il revienne un jour pcq c'est le best,2
navires demetal,1
la classe de mv,2
"Si quelqu'un dans le chat s'appelle Yokai , salut a toi l'ami!",2
ce bg d MV avec cette coupe,2
monkaEyes,2
j'ai peur,2
C'√©tait √©vident !,2
HO,2
monkaSHAKE,2
Sadge,2
NAN BibleThump,2
NoooooN,2
YES,2
@Menou Kreygasm,2
ono,2
nooon,2
olala,2
OH NO,2
monkaEyes,2
o no D:,2
NotLikeThis,2
knyOH,2
raoul mrmvTheodule,2
monkaEyes,2
"qqn pour me dire comment MV a garder Raoul svp, arriv√© un peu en retard",2
monkaS,2
BibleThump,2
Noooooooooooooon mrmvZizou,2
Monkas,2
NON,2
omggg,2
mais ?,2
derivSad,2
BibleThump BibleThump,2
"Oh non Raoult, j'ai peur",2
oh,2
sadge,2
oh le  twist ?,2
mynIsaac,2
AH,2
Ca y est on y est mrmvTheodule,2
NOOOOOOOON,2
Le suspens,2
ponceMONKAS,2
non,2
Raoul ?? Raoul qu'est-ce que tu fais,2
noooooo,2
opcrotteSTRESS,2
AAAAAAH,2
BibleThump,2
C'est terriiiiiible,2
OH NO,2
yes!!!!!,2
adieu,2
BibleThump,2
rip,2
mrmvTheodule,2
"pas toi raoul, pas comme c",2
oh no BibleThump,2
aaaaaaaaaaaaaa,2
ono,2
AH,2
Sadge,2
nnooooonnnn,2
monkaSHAKE,2
NON RAOULT,2
