"bah oui la c√©l√®bre bd ""Asterix l'Homme""",2
pr√©dateur de sangliers,2
Asterix le mascu toxique,1
Je suis riche !,2
youhou,2
"pr√©dateur, dommage qu'il n'y a plus Youtuber",1
Ast√©rix le pr√©dateur mdr,1
Asterix predate les romains,1
cho,2
@Sylaaw OOF,2
Heelllllooo,2
Dommage mais Flo  fais de son mieux,2
les points ;),2
jussetDETECTIVE,2
j'aime trop ce jeu,2
Asterix vs predator le fameux album,1
Alcoolique : Camion Bar Ast√©rix,1
Dommage,2
oh nan argent en noir mdrrr c'est loose,2
@origan22 et la saucisse pr√©date Ast√©rix,1
elle est o√π la thune l√†,2
salut tout le monde,2
Pays en 3,2
costume en 3?,2
horreur en 3 easy,2
"mdr le Twitch, Youtube et Argent de couleur differente",2
"Elfe, Halloween, Zombie : cosplay",2
les paris,2
"Il y a des station essence Elan, vous avez eu du bol de pas connaitre",2
j'aime beaucoup que ce soit aussi interactif,2
Horreur en 4,2
La pr√©di,2
chine et chinois ...,2
Puissance en 4,2
ouiii Bagzouille,2
@Sylaaw tu peux le demander autrement,2
thiller pour film halloween zombie,2
fantastique en 4,2
Fantasy en 4,2
L'argent le mot toujours tabou m√™me sur Codenames,2
√áa se joue √† 5 sinon en soit,2
court m√©trage,2
"Imaginaire => Halloween, Zombie, Elfe",2
deguisement en 3,2
3 horreur,2
Chine Gr√®ce Am√©ricain = PAYS,2
fossoyeur en 4,2
horreur en 3,2
"horreur en 3 pour film, zombue et halloween",2
jussetSHY,2
"D√©guisement en 3? Zombie, Halloween et Elfe?",2
costume en 3?,2
D√©guisement en 3,2
Lol c'est twitch vs youtube,2
en 3 pardon,2
d√©guisement ? zombie elfe halloween,2
Scream?,2
"costume : zombie, halloween, film, elfe, youtube",2
c'est quoi les r√®gles ? je comprends rien mdrr,1
Streaming en 4 peut √™tre? Film/streaming halloween et zombie?,2
Pays en 3,2
Enfants en 3,2
Trop bien le jeu,2
"@AntoineDaniel ""Fiction"" en 5",2
d√©guisement en 3,2
costume en 4,2
Horreur en 3,2
costume en 4,2
D√©guisement,2
americain horreur?,2
Fossoyeur en 4 j'avoue,2
legolas,2
fantastique,2
J‚Äôavais lu un article et c‚Äôest faux pour les dinosaurs. L‚Äôessence c‚Äôest avec des bestioles encore avant,1
Antiquit√©s en 3,2
"3 nature (camembert, elf, grain)",2
Ouais  c'est valide horreur,2
fantastique t'as elfe avec ?,2
attention il ya americain,2
D√©guisement,2
j'aurais mis camembert dans horreur mais c'est perso,1
cr√©ature,2
fais gaffe a americain pour horreur american horror story,2
fantastique en 3,2
Fantaisy en 4,2
RPG avec classe elfe et zombie,2
"Argent en mot noir pas simple, √ßa peut se rapporter √† tellement de choses",2
Non ya lapin,2
"Imaginaire => Halloween, Zombie, Elfe",2
"Costume en 4: Film, Halloween, Zombie, Elfe ?",2
"Hello, c'est quoi le but du jeu ?",2
jdr en 3 classe zombie elfe,2
"tu peux faire film, halloween, zombie et elfe en 1 mot",2
pays en 3,2
Cin√©ma plut√¥t qu'horreur ?,2
film d'horreur,2
fran√ßais pour camembert fraternit√© et film,2
"horreur, ya twitter, c'est risqu√©",2
Horreur pour les threads horreurs sur YouTube aussi,2
Pays en 2,2
horreur c'est parfait,2
Fantastique en 4 ?,2
D√©guisement sinon pour elfe zombie et Halloween,2
Costume pour Halloween Zombie Elfe,2
Fantastique en 4,2
fantasie 4,2
classe et fraternit√© : universit√©,2
fossoyeur en 4 avec youtube mais faut connaitre la chaine,2
fantastique,2
costume sinon,2
Yannou ) twitch Kart,2
fantastique,2
"horreur en 3 - zombie, halloween, film",2
Attention avec Am√©ricain (American horror Story),2
fiction,2
horreur est mieux je trouve,2
attention a livre,2
fiction,2
surnaturel en 4,2
elfe c'est pas evident pour costume,2
"Lambas en 3 (Elfe, grain et film) ?",2
attention Horreur t'as am√©ricain du c√¥t√© bleu donc,2
JDR,2
Rivenzi 3,2
Livre d'horreur,2
fiction plutot que horreur non ?,2
Cosplay en 4,2
Fiction,2
american horror :/,2
Video ?,2
"Oublie par Antoine, ya aussi le facteur JDay que tu peux exploiter!",2
oui d√©guisement !,2
Costume,2
surnaturel : zombie film elfe halloween ?,2
FICTION EN 5,2
le probleme c'est Argent vu que c'est tres lier a Youtube et Film,2
costume 1000x mieux,2
france fraternit√© camenbert,2
ils pourraient dire am√©ricain avec horreur,2
Fantastique en 6,2
gourmandise en 3,2
France en 3,2
potter --> elfe + classe + film,2
c'est pas ouf nature en 3 ?,2
"""Costume"" !",2
chine et chinois pas dans la m√™me cat√©gorie c'est chaud pour eux,1
Honn√™tement les d√©guisement de lapins sont fr√©quents pour les enterrement de vie de gar√ßon,1
ah oui dsl,2
"fiction en 5? film yt, z, halloween, elf",2
costume en 4,2
(le) manoir en 3 voire 4,2
tu pourra lier youtube et film plus tard,2
fossoyeur pour film youtube halloween zombie,2
d√©guisement clairement,2
thriller?,2
3 bien mais apr√®s t‚Äôauras americain horreur,2
roleplay 4,2
fantastique en 3,2
"costume c'est pas mieux, tu peux rajouter film ?",2
Apr√®s faut voir ce qui te reste comment tu vasles relier,2
Warcraft : zombie elfe film classe fraternit√©,2
Cosplay,2
surnaturel en quaaaaaaatre,2
"Imaginaire en 4 => Halloween, Zombie, Elfe, Film",2
Maquillage 4,2
Scream en 4,2
le mot noir chaud patate,2
¬´ Fraternit√© Elfe et Film ¬ª = Seigneur des Anneaux,2
"""Costume"" t'as classe avec",2
horreur c'est mieux,2
"vid√©o en 3 : film, yt, grain",2
"Horreur, clairement",2
FICTION en 5,2
attention √† American horor story,2
costume dans un film,2
communisme en 2,2
fantastique en 4,2
Tr√©sor vs Argent  !attention,2
Attention √† American horror,2
Horreur est mieux,2
Statistiques en 2 avec classe et camembert,2
Anneau : Film fraternit√© elf,2
par contre les bleus ils sont vraiment vraiment bien !!,2
"et dans les films, y a des costumes !",2
costume de vieux,2
"graphisme = camembert, YouTube, classe",1
"t'as peut √™tre cinema pour film, zombie, youtube",2
France en 2,2
D√©goulinant pour camembert et zombie üòÇüòÇ,2
Odeur ?,2
screamer en 5,2
@Mastoflo ils vont dire genre livre aussi,2
Fossoyeur en 4,2
costume marche avec film aussi,2
"Fran√ßais en 3 : classe, fraternit√©, camenbert",2
costu,2
fiction en 5,2
france en 2,2
Fantastique !!,2
Surnaturel ou fantastique,2
costume dans les films aussi,2
costume de lapin aussi :P,2
"ficton en 5, yt, film, elfe, z, haloween",2
j'avoue fiction c'est pas mal en 5,2
Cosplay en 5 ?,2
France: Classe camenbert et fraternit√©,2
Warcraft : zombie elfe film classe fraternit√©,2
Fiction en 5,2
"Costume pour Halloween, Classe, Film",2
la webs√©rie noob ?,2
camenbert et fraternit√© = france,2
Tolkien avec fraternit√© elfe et film,2
france en 3,2
France ( camembert et fraternit√©,2
screamer en 5,2
Horreur peut faire des choses non ?,2
horreur en 3 c'est bien,2
y a pas un film de zombie sur YouTube ?,2
Makeup 4,2
creature en 3,2
Fantastique : Film Elfe Zombie Halloween,2
costumerie,2
Peur,2
Pirate : poudre et tr√©sor ?,2
fiction en 5,2
fiction en 5,2
"montre avec Zombie et Elfe, mais j'y crois pas trop",2
F√™te des mort,2
cosplay pour faire rentrer youtube,2
fiction ca va pas ils vont dire livre,2
"Le manoir m, le film de Kemar",2
"France pour camembert, fraternit√© et classe",2
@Jokarto_ Trop risqu√© avec argent,2
moi j'aurais dit costume 4,2
France en 3,2
fossoyeur (de films),2
jeu de r√¥le en 4,2
Horreur est un choix safe,2
deguisemnt en 3 et puis video 2,2
Film Halloween Zombie Elfe => Fiction,2
Mort en 2 ou 3,2
un costume classe  ?,2
Grain + camembert = nourriture,2
France en 4 (Fraternit√© camembert film et classe),2
Cosplay en 4 ?,2
Fantasy en 4 ?,2
France en 2 camembert fraternit√©,2
Costume 4 ca passe non ?,2
fantastique,2
horreur en 4 ? @AntoineDaniel,2
horreur en 3,2
"""Fantastique"" pour inclure ""elfe"" ?",2
"Horrifique en 4 = film, halloween zombie, youtube",2
Fantastique en 5 ca se fait,2
ah oui fiction !,2
France pour fraternit√© et camembert,2
Fiction (vu ici) est bien !,2
Fossoyeur c'est pas mal,2
Gandalf : film elfe fraternit√©,2
Carpenter en 3,2
fiction en 5 mais c'est riqu√©,2
ils vont dire lapin,2
FANTASTIQUE,2
fiction ?,2
nan mais en vrai regroupement halloween fraternit√© classe (film ? mais twitch est relou),2
horreur c'est plus safe,2
costume pour classe,2
fiction en 5 nickel,2
Costume de camembert,2
"Costume avec lapin, c'est dead !!!",2
Quelqu‚Äôun a dit fossoyeur pour YouTube en plus d‚Äôhorreur,2
fantastique en 6,2
Tolkien,2
cosume en 4 avec halloween ca risque pas de choisir americain ?,2
Horreur c‚Äôest le mieux,2
ah ouais fiction c'est bien,2
FRANCE = FRaternit√© = Camembert,2
y a lapin avec costume,2
trucages,2
cinema,2
Online 3,2
non costume c'es sur que lapin va tomber,2
Ils risques de dire costume de lapin,2
linksthesun pour elfe yt camembert,2
Saw en 4,2
Il y a pas un film d'horreur dans une universit√© ? tu fais le combot zombies fraternit√© Halloween film classe,2
Il y a peu de chance qu'ils aillent sur un autre mot que les tiens avec Costume,2
c enervant pour lapin,2
"graphique* (pas graphisme) camembert, YouTube, classe",2
costume elles vont dire lapin 100%,2
d√©guisement plus safe,2
lebojeu,2
Horreur? Film+ zomboe+halloween,2
non lapin,2
le mot noir est tr√®s pi√®ge,2
surnaturel ou fantaisie en 4 c'est win,2
horreur!!!!,2
fiction c'est parfait,2
Maquillage en 4,2
pain = grain camembert,2
fiction e n 5,2
a part nelson tout le monde est l√†,2
costume Lapin ???,2
horreur en 5 √ßa se tente,2
costume de lapin par contre faut faire gaffe,2
costume =5 !,2
Cosplay plus que costume,2
horreur better,2
Fiction en 5 Film Halloween Zombie et Elfe,2
angle?,2
Fiction en 5,2
fiction en 4,2
!!! lapin,2
"vid√©o en 3 = film, YouTube et grain (sur l'image)",2
Anneau en 3 : Fraternit√© Elfe et Film,2
ca sent le lapin fail,2
horreur,2
suricates pour film et youtube,2
en 5 cinema,2
je sens americain choisi en 4 :(,2
horreur c'est mieuuux,2
florence ?,2
attention √† argent...,2
On a pas eu les r√©sultat de la pr√©di au fait,2
Arreter avec votre fiction ya livre^^,2
"horreur en 4 (film, zombie, halloween, youtube)",2
Communaut√© en 3 pour fratenit√© elfe et film,2
Allez !,2
costume en 5,2
ils peuvent dire classe aussi pour costume,2
elless peuvent dire classe pour costume aussi,2
fameux costume de chinois....,2
gg,2
jogauStress jogauStress jogauStress,2
T'as oubli√© la pr√©di Antoine,2
"Bonjour Antoine, bonjour la p'tite communaut√© adfaceBONJOUR adfaceAH adfaceRegal",2
Ultia quelle boss,2
ultia 5Head,2
ooooooh,2
mais quel boss,2
"j'aurais dit ""Horreur""",2
le g√©nie d'antoine,2
un constip√© √ßa coute tah l‚Äôargent,1
Ultra trop forte,2
Mais trop forte,2
wow,2
good,2
incroyable,2
Le g√©nie involontaire,1
masterclass,2
PogChamp,2
juste gg,2
Il y avait m√™me pas pens√© LUL,2
trop forte,2
htyPog htyPog htyPog,2
oh lets go,2
popopo,2
Banger,2
"Trop intelligente, Ultia",2
La masterclass LUL,2
well OK then,2
oooh,2
vraiment Ultia la boss,2
ultia la giga boss,2
le smurf,2
oh la dingzzz,2
mdrrr classe allez lezgo,2
OMG,2
La masterclasse,2
masterclass,2
trop fort adrien,2
Ultia incroyable,2
Ultia trop forte,2
La master class ^^,2
tr√®s tr√®s fort,2
quel cerveau Ultia adfaceGASM,2
masterclasse,2
FRANCE = Fraternit√© + Camembert,2
masterclass,2
merci ultia,2
quelle arnaque LUL,2
Si forte,2
ultia 800 IQ,2
masterclass,2
Big brain sur ce coup,2
√ßa aurait pu √™tre un 5,2
un costume de camembert,2
:|,2
rivenziPropre rivenziPropre,2
Mais quelle bg Ultia,1
LE CERVEAU,2
Antoine le boss,2
tout a fait voulu LUL,2
100% calcul√©,2
Wow,2
ah j'avoue d√©guisement oups,2
mjdVieux mjdVieux mjdVieux,2
masterclass,2
mjdVieux,2
la boss ponceULTIA,2
Task failed succesfully,2
master class de off,2
Ultia dans ta t√™te,2
EZ,2
mjdVieux mjdVieux mjdVieux,2
cpcPro cpcPro cpcPro,2
point culture : elfe Zombie film camembert yt,2
Ultia trop forte,2
200 IQ Ultia!,2
ultiaPOG ultiaPOG ultiaaaa,2
Ce talent adfaceGASM,2
En 5 ca passait de fou,2
Il est tr√®s fort,2
LUL,2
Classe de ma√Ætre,2
la predi :'(,2
mas-ter-class,2
MV $ la ref,2
et film ??? c'est quand m√™me √©vident non ? LUL,2
Ultia la boss,2
LUL LUL,2
le lapin est piegeux,2
long m√©trage en 3,2
film costume,2
Incroyable,2
√©cran en 2 ?,2
Ultia streamhack,2
ponceULTIA ponceULTIA ponceULTIA,2
Point faible : trop fort,1
big brain mais pourquoi ils pensent pas √† film ouais,2
AAAAAH !!!,2
parce que ta pas mis 5,2
xyrozy c'est 2 mots point culture,2
Moi j'aurait dit film √† la place de classe,2
costume d'am√©ricain,2
en vrai film pour costume j'aurais pas trouv√© direct,2
apres film et grain yh'a un truc a trouver,2
image = grain youtube fil,2
masterLUL masterLUL,2
"France => Fraternit√©, Camembert",2
costume de lapin x),2
ben t'y avais pas pens√© au d√©part je crois,2
LUL,2
T'es pas mute en fait haha,1
costume = classe ... j'ai pas la ref,2
video en 2,2
bah moi en voyant les mots je trouve plus logique classe que film xD,2
un costume de livre,2
"au pire, si elles h√©sitent avec Film, c'est pas g√©nant :)",2
un costume de lapin,2
costume en argent ?,2
Prolo_ninja costard,2
"@Prolo_ninja costume, costard",2
@Prolo_ninja un costard cravatte,2
@Prolo_ninja ben un costard quoi,2
"Mince elle h√©site, elle risqueraient de se tromper avec un mot rouge ^^.",2
costume de chinois LUL,1
costume de lapin aussi,2
Costume des ecolier genre,2
t'aurais pu le faire en 5en vrai ^^,2
@Prolo_ninja Costume au sens uniforme,2
"@Prolo_ninja un tailleur, un costume d'homme d'affaire, etc",2
@Bob_Super_Tomate un costume = de beaux habits,2
Le doute de riche,2
t'aurais pu mettre en 5 √ßa aurait √©t√© une masterclasse...,2
Avec vid√©o tu fais deviner film et youtube,2
PogChamp bah dis donc ca se leve aux aurores aujourd'hui,2
nice,2
on prend LUL,2
je comprends pas le classe ? c'est genre styl√© c'est √ßa ?,2
coop√©rative = grain + fraternit√©,2
fraternite de l'anneau,2
le costume qui se paie avec de l'argent???,2
usul20Marx usul20Marx usul20Marx,2
Bah meme reflexion pour film du coup entre deguisement et costule,2
@norxova alors linksthesun :),2
Il aurait pu faire en 5 rip,2
c'est quoi la musique svp?? j'adore,2
C'est win,2
secret of mana momanCoeurs momanCoeurs,2
grain va √™tre chiant,2
Le ptit Secret Of Mana derri√®re l√†,2
pellicule en 2 pour film et grain,2
vous auriez pu dire 5 du coup haha,2
"dommage, en 5 c'etait bingo",2
@Blystrow pellicule,2
lbwSmart julietteIQ,2
!song,2
"S'ils se plantent tu peux m√™me faire comme dans pyramide : ""encore""",2
pouah mais ultia le cerveau √©norme,2
xyrozy twitch/twitter trop dangereux,2
musique de secret of mana ca regale,2
Elles sont trop malines,2
la prediction etait pour la partie d'avant ?,2
"Quel plaisir quand ils sont sur la bonne voie, de l'asmr",2
angle droit valide stp,2
le costume de Dobby,2
et pourtant elfe est tr√®s cosplayer,2
Va-t-on se faire Angled LUL,1
Nice Cos bro !!,2
oof les pauvres cosplayers pros qui prennent une balle perdue,2
Bonsoir,2
Y‚Äôa rien LUL,2
"France => Fraternit√©, Camembert et puis Vid√©o => Film YouTube et c'est win",2
Apr√®s si elles mettent pas elfe tu peux mettre Legolas pour elfe et fraternit√©,2
sa veut surement pas dire Costume le Cos de cosplay,2
le plaisir en fait,2
Antoine ! Nature 3 elf grain camembert ??,2
le GG,2
"Dans le doute, argent",2
1er degr√© j'avais jamais remarqu√©,2
Ce dilemme entre deux mots corrects XD,1
en vrai cosplay √ßa fait PAS du tout penser √† costume quoi LUL,1
Cosinus imo,2
mais dans leur t√™te elles vont √©liminer l'autre,2
LEZGOURGUES,2
fallait vraiment dire 5 :D,2
Mv qui doit √™tre au bout,2
communaut√© pour elfe et fraternit√©,2
ooooh vraiment elles sont fortes,2
mais c'est GG d√©j√† quoi,2
en 2 jdg (elfe youtube),2
pfouahh ce professionnalisme,2
"le costume de grain, dommage",2
Comment tu fais deviner Camembert x Elfe ? LUL,2
c'est win?,2
La team de qualit√©,2
Legolas pour elfe et fraternit√©,2
c'est pas cosy ? ^^,2
Pr√©sident pour camembert et fraternit√©,2
baguette en 3,2
anneau = communaute et elfe,2
rivenziPropre rivenziGG,2
j'aurais pens√© √† film mais pas √† classe perso,2
"pain 3 pour camembert, fraternit√©, grain?",2
C'est la win haha,2
Un petit Fondcombe,2
camembert grain = agricole c'est un peu perch√© mais bon,2
"Maintenant, comment faire deviner elfe et camembert en m√™me temps ? adface3 adface4",2
C‚Äôest la qu‚Äôelles prennent ni l‚Äôun ni l‚Äôautre,2
France en 2 pour camembert et fraternite,2
kelawin,2
"Lambas pour elfe, grain et fraternit√©",2
"""Communaut√©"" en 2 pour fraternit√© et YouTube",2
France en 2 pour clacos et Fraternit√©,2
"baguette pour fraternit√© , camembert et grain",2
Gg,2
la musique secret of mana en fond  :),2
Anneaux pour elfe et fraternit√©,2
petit = grain et elfe,2
Fraternit√© et Camembert : la BISCOTTE bien s√ªr,2
lembas en 2 pour camembert et elfe,2
hobbit pour elfe et fraternit√©,2
Constitution Play √©videmment,2
en 5 c'√©tait probablement gg tour 1 ^^,2
FRANCE = Fraternit√© + Camembert,2
Merci Adrien M√©nielle du coup,2
le probleme ca va etre de faire deviner elfe maintenant avec les autres mots,2
Le r√©sultat des predi ?,2
nature 3 elf grain camembert je reeste sur,2
Le cerveau est bizarre quand meme elle a devin√© classe mais pas film pourtant c'est la meme reflexion LUL,2
Zelda pour elfe et youtube? y'a tr√©sor qui pourrait faire rater,2
seigneur des anneaux pour Elfe et fraternit√©,2
rire jaune en 2 pour fraternite et youtube,2
Legolas en 2 pour FRATERNIT√â et ELFE,2
nourriture en 2 pour camembert et grain,2
Mv il peut faire Malte = Twitch + Tr√©sor,1
Folie avec YouTube et grain,2
Y a risque de Chine et Gr√®ce si tu mets france.,2
"hobbbit 3 -> camember, franernit√©, elfe?",2
communaut√© pour elfe et fraternit√©,2
Faut pas stop la Predi ?,2
wow la musique c'est LBA2 o:,2
oui mais twitch france,2
@pouletvengeur non tu as argent en mot noir :/,2
grain √ßa va √™tre cho,2
Hobbit en 3,2
France y a Chine et Gr√®ce :/,2
J'avoue que twitter twitch chine et am√©ricain se mettraient si bien pour lui si tu n'avais pas youtube,2
en 2 pain (grain et camembert),2
france c'est pas mal,2
fraternit√© - elfe : anneau ?,2
Y'a pas un duo de frere sur YT ?,2
naheulbeuk pour 3 : elf youtube fraternit√©,2
twitch france ?,2
Je mettrais bien grenier pour youtube et grain mais twitch trop dangereux,2
vieux,2
J'avoue communaut√© en 3,2
"Communaut√© en 3 : fraternit√©, elfe, youtube",2
baguette en 3 carr√©ment,2
"Livre, Vieux aussi attention",2
une ref au seigneur des anneaux pour fraternit√© et elfe ?,2
Lord of the ring = fraternit√© + elfe,2
Biscotte,2
dommage qu'elles n'ont pas valid√©es elfe ^^,2
PAIN en 3,2
pain pour camembert et grain c'est pas mal,2
"Lambas en 3 (Elfe, Grain et Film)",2
ils pourraient dire Tennis pour roland garros ?,2
France c'est un peut alambiqu√© mais tr√©s marrant je pense ^^,2
y a les prediction,2
mon fr√®re est l‚Äôelfe du camembert !!! gros titre youtube,1
Apr√®s elles risquent de dire chine et gr√®ce,2
Hobbit pour Elfe Fratenit√©,2
grain pour France ?,2
Legolas,2
fraternit√© et elfe ... Anneau,2
nature pour grain et elfe ?,2
grain ca passe aussi avec france,2
"baguette, pour grain de bl√©",2
"y a gr√®ce et chine, √ßa fait beaucoup de pays",2
3 pour France √ßa se tente avec Grain,2
Mais il y a la chine aussi !,2
anneaux Elfe et Fraternit√© ?,2
FRAnce 2,2
Ouais mais France il pourrait y avoir LIVRE aussi,2
Mais apr√®s chaud les 3 derniers mots,2
la france √©tait tr√®s productive en agriculture pour grain,2
la France le lapin,2
mess fais le prochain  wath the cute,2
"hobbit 3, camember, fraternit√© et elf?",2
minuscule pour elfe et grain ?,2
mangeable en 2,2
Les gens faut faire deviner en 1 mot haha,2
France ils vont penser aux autres pays non ?,2
Ouais mais l√† Grain viens compliquer les choses,2
macron avec youtube en plus @AntoineDaniel ??,2
Y'a d'autres pays donc c'est chaud de mettre france,2
"Le mot noir ""argent"" qui avec ""twitch"" et ""youtube"" et ""gr√®ce"" √ßa peut √™tre chaud LUL",1
attention au fameux mur de France par contre,2
Narure = Elfe Grain Camembert,2
Communaut√© = youtube + fraternit√© + elfe,2
par contre youtube elfe et grain...üòÇ,2
en trois avec le yt fr LUL,2
pain (grain(e) / cmaembert / franternit√© (france),2
Hobbit en 3 => fraternit√© elfe et grain,2
chine chinois et am√©ricain c'est horrible pour MV,2
le mot am√©ricain est pas risqu√© pour france ?,2
La baule ! (+ grain),2
sah quel plaisir,2
Ils vont dire vieux avec France,2
Talent? pour grain et youtube?,2
le YouTube fran√ßais,2
ecran en 2 pour youtube et grain,2
Nourriture 2,2
nourriture en 2 ? Camembert et grain ?,2
naheulbeuk pour 3 : elf youtube fraternit√©.,2
Nature pour grain et elfe,2
anneaux !,2
Lezgongue les points,2
comment √ßa s'appelle le pain elfique ? pour Elfe et Grain ?,1
france y a chine et gr√®ce ...,2
Laink : Youtube Camembert Fraternit√© parce que c'est ton giga bro,1
communime grai  fraternit√©,2
"Devise de la France : Libert√©, Fraternit√©, Camembert",2
sinistre_cigogne twitch et twitter trop dangereux,2
mc fly et carlito pour youtube et fraternit√©,2
Seigneur des anneaux pour fraternit√© de l'anneau + elfe,2
Anneaux en 2?,2
Raisin pour grain et camembert,2
"communaut√© = fraternit√©, elfe, youtube",2
France t'as Grece et Chine en bleu quand m√™me,2
Macron pour camembert youtube et fraternit√©,2
communaut√© en 3: fraternit√© youtube elfe,2
noob en 2 (youtube et elfe),2
@thewikivic Attention √† livre,2
Lembas,2
Anneau ou Hobbit pour Fraternit√© et Elfe,2
zelda pour grain et elfe,2
fran√ßais plut√¥t que France non ?,2
Sylvestre ? @AntoineDaniel,2
"@Zorikrow oui bien sur, je suis pas en train de jouer haha c'est du brainstorm on donne des axes :D",2
naheulbeuk pour 3 : elf youtube fraternit√©,2
youtube france,2
Lordofthering,2
Attention au tr√®s connu mur de Paris √©videmment,1
@NorxOva ah oui bien vu,2
Ou alors Pipin pour Grain et Elfe,2
"Legolas pour fraternit√© et elfe, comme √ßa nourriture pour camembert et grain",2
"@cellyefish attention car elfe selon les r√©f√©rences de chacun ( wow , lotr etc) les elfes sont plut√¥t grand",2
elfe et fraternit√© avec communaut√© ou anneau,2
Ciao mes points,2
communeaut,2
Petit pour Grain et Elfe,2
baguette,2
c‚Äôest la communaut√©,2
communaut√© : fraternit√© et elfe,2
communaut√©,2
OOH,2
france grain ca passe,2
MAIS LIVRE,2
beaut√© 2 pour grain et elfe,2
For√™t,2
Dobby,2
Anneau,2
Baguette pour fraternit√© camembert et Grain,2
"c'est pareil, hobbit risque de faire deviner livre",2
communaut√© pour elfe et fraternit√©,2
Le truc c'est que pour faire deviner YT et Twitch tu as l'argent qui est pas loin,2
fantasy ?,2
baguette en 3,2
OUI,2
"lembas pour grain et elfe, mais faut avoir la ref",2
foret = elfe et grain ?,2
non du coup,2
balkany pour grain et fraternit√©,2
Ouais mais livre,2
ANNeaux,2
mais mur,2
agriculture pour grain et camembert,2
elles auront pas la ref,2
camembert/grain..nourriture?,2
macron ??,2
anneau √ßa fonctionne,2
baguette,2
communaut√©,2
"je pr√©f√®re france en vrai, √ßa me semble plus √©vident",2
oh pas b√™te √ßa,2
c mort y a Livre,2
communaut√© pour youtube et elf du coup,2
poussi√®re = grain et elfe,2
j'aime trop qu'ils l'appellent tous Bagzouille,1
Legolas marche bien,2
il risque de penser livre,2
communaut√© en 3,2
attention √† Livre,2
ouais mais y a livre,2
fraternit√© c'est la nouvelle traduction des livres,2
anneau pour elfe camembert et fraternit√©,2
communaut√© c'est trop risqu√© √† cause de Twitter et Twich,2
Communaut√© : Elfe + fraternit√© +  Youtube,2
Ouais mais tr√©sor aussi,2
beaut√© pour elfe et grain,2
"j'ai de nouveau perdu tous mes balkabits, est-ce que je vais enfin arr√™ter d'avoir foi en la r√©ussite d'Antoine ? (non)",1
Anneau = ARgent,2
commu y a Twitch aussi attention,2
renne,2
attention t as livre qui va bien aussi avec ca,2
communaut√© avec youtoube,2
Tran (le rire jaune) pour fraternit√© et youtube,2
le camenbert de la comt√©,2
lotr,2
@AntoineDaniel anneau ils vont dire tr√©sor par contre,2
attention a argent,2
fermier ? pour camenbert et grain,2
COmmunaut√© attention tu as twitch en bleu,2
Tolken,2
Idem j'ai pens√© Seigneur des Anneaux aussi,2
LOTR en 2,2
Montage => YouTube et Grain (le grain de l'image),2
Aujourd'hui je comm√©more les 1 an et 1 jour de Ban de chez MrMV... :(,2
France : camembert fraternit√©,2
attention √† argent avec anneau !,2
anneau argent attentuon,2
je pensais √† noob pour elfe et youtube,2
communaut√© avec YouTube aussi,2
"Communaut√© en 3 : pour la fraternit√© de l'anneau, la communaut√© de Youtube et les Elfes !",2
naheulbeuk pour 3 : elf youtube fraternit√©.,2
"noix 2 : camenbert, grain",2
Gimli !,2
La p'tite communaut√©e,2
Faut qu'elles aient la ref aussi,2
Communaut√© ils vont mettre Twitch :/,2
La fraternit√© de l'anneau c'est la nouvelle traduction √ßa passe !,2
anneau c‚Äôest paq mal,2
fait gaffe √† LIVRE,2
Fais gaffe √† l'anneau en argent,2
YouTube communaut√©,2
la PAC ?,2
comunaut√© ytb elfe fraternite,2
"avec anneaux, faut faire un peu gaffe √† argent",2
La ville de Fondcombe du premier film,2
"France en 3 Grain, Fraternit√© et Camembert ?",2
communaut√© c'est le best,2
Legolas en 2,2
comunaut√© √ßa marche avec les pays et les peuple non?,2
baguette en trois,2
Fromage en 2 (grain + camembert),2
"communaut√© j'ai peur qu'ils trouvent ""chinois""",2
commu en 3,2
Et y'a surtout ARGENt,2
Camembert + Youtube = Triangle,2
communaut√© y'a twitch,2
bois pour graine et elfe,2
LIVRE @AntoineDaniel,2
legolas √ßa passe,2
y a argent pour anneau,2
non car il y a le mot livre,2
Communaut√© y'a Twitch,2
Communaut√© en 3 Youtube avec,2
communaut√© ya twitch par contre,2
communaut√© = youtube et twitch non ?,2
Legolas pour elfe et fraternit√© c'est pas mal en vrai,2
Attention √† livre,2
aneau √ßa peut etre en argent,2
"Si tu dis commu, elles vont prendre twitch",2
"Communaut√© tu peux avoir Fraternit√©, Elfe et Youtube mais y a le risque qu'elles disent Twitch",2
C‚Äôest des livres attention,2
communanut√©,2
d√©licieux pour camembert et elfe,2
"Rire jaune : fraternit√©, YouTube",2
gonfor,2
communaut√© avec youtube en plus,2
Pixel pour grain et youtube,2
Communaut√© y‚Äôa YouTube aussi,2
@antoinedaniel √† esquiv√© mon prime :(,2
"Communaut√© youtube, fraternit√© communaut√©, elfe communaut√© de l'anneau",2
"apr√®s twitch et twitter, ya des communaut√© aussi alors atttention",2
communaut√© pour YouTube aussi,2
Y'a pas un duo de frere sur YT ?,2
hobbit,2
livre aussi,2
et livre !!,2
communaut√© pour elfe youtube fraternit√©,2
Hobbit alors,2
Arbre en 2 ?,2
communaut√© en 3 m√™me pour youtube avec,2
communaut√© sa marche si il vire twitch,2
fromage,2
"avec Communaut√©, il te diront Twitch",2
Sylvain le roi des elfes sylvains ?,2
Fiction pour Elfe et youtube,2
pain = grain + camembert,2
Et livre si vraiment elles vont loin ahah,2
COMMUNAUT√â ?,2
Y'a livre surtout,2
pain = grain / camembert / fraternit√© ? (vu que copain vient de pain),2
"y a grain et poudre, quel enfer",2
Fromage en 2 (fromage en grain et camembert),2
communaut√© en 3,2
macron pour fraternit√© youtube et camembert,2
L√©golas,2
naheulbeuk pour 3 : elf youtube fraternit√©,2
Communaut√©,2
et livre,2
"Dans la nouvelle traduction, la communaut√© de l'anneau a √©t√© traduit en fraternit√© de l'anneau @AntoineDaniel",2
Beaut√© en 3 YouTube elfe grain,2
Pourquoi moi Elf Grain Camembert pour nature c'est un peu tir√© mais y'a moyen si lapin faitpas chier :/,2
livre et tr√©sor c'est chaud,2
"Communaut√© √ßa fait fraternit√©, elfe et YouTube !",2
Dailymotion : Youtube et Camembert,1
"communaut√© : youtube, elfe fraternit√©",2
"tkt c'est JDay de l'autre cot√©,",2
legolas,2
communaut√© ya Twitch qui peut foutre la merde,2
legolas,2
Tartine ou Sandwich = pain + camembert,2
Communaut√© il y a YouTube aussi,2
Hobbit sinon,2
Communaut√© √ßa pourrait faire penser √† Twitch,2
Montage => YouTube et Grain (le grain de l'image ),2
Communaut√© en 2 (Youtube et Fraternite),2
communaut√© en 3,2
"fromage en grain, camembert",2
Legolas oui !! Fraternit√© et elfe pour laisser grain et camembert qui sont du m√™me registre,2
Communaut√© youtube elfe et fratenit√©,2
Anneau d‚Äôargent attention,2
Communaut√© en 3 c'est easy,2
links the sun c'est l'elfe dans le jdg + youtube,2
For√™t en 2 grain + elfe,2
C'est quoi le 4√®me pays LUL,2
"JDG Rpg en 3 pour fraternit√©, elfe, YouTube",2
naheulbeuk pour 3 : elf youtube fraternit√©.,2
communaut√© elfe fraternit√© et YouTube mais il y a Twitch...,2
communaut√© en 3 !,2
garde youtube tant qu'il reste Twitch et twitter,2
pourquoi 4?,2
Carlito pour Youtube Fraternit√© (et √©ventuellement camembert pcq il est fran√ßais),2
pourquoi 4 et pas 3,2
pourquoi 4 ?,2
gimli fr√®re de guerre de legolas,2
denr√© en 2,2
"baguette = camember, grain, et fraternit√© car la baguette est francaise",2
"Beaut√© en 3 pour ELFE, GRAIN et YOUTUBE",2
en 4 ? quel est le 4e ?,2
@luciefer8 risqu√© avec grece et chine!,2
Communaut√© c'est sur qu'elle disent Twitch,2
Sylvestre = grain + elfe ?,2
T‚Äôas eu de la chance avec Costume qu‚Äôelles se soient pas dit que √ßa co√ªte cher et donc argent,2
en 4 ??,2
en 4 ? Je comprends pas le mouv de MV l√†,2
LUL,2
pourquoi en 4 ?,2
Arbre c'est bien pour Elfe + Grain,2
Les fr√®res poulains,2
Youtube : Twitch ; Twitter ; Argent = JDG,1
"Comme il a dit pays, fonce sur France pour le prochain indice",2
Il a peut-√™tre dit en 4 en esp√©rant le 3,2
Twitch est mon pays,1
4?,2
je vois pas le 4√®me,2
communaut√© elles vont dire twitch et twitter c'est mort,2
4 il s'est enflamme,2
"youtube, fraternit√© et elfe avec commu",2
pourquoi pays en 4 ? j‚Äôai pas le dernier,2
Quelque chose avec Coq ou cocorico pour Grain+Camembert?,2
pourquoi 4 ?,2
4 adfaceWtc adfaceHein,2
"""RPG 3"" Pour faire une ref a JDG et donc ELF et Youtube ?",2
communaut√© youtube fraternit√© elfe (mais il y a livre),2
4 pour √©liminer chinois,2
Le pays de Twitter ?,2
geoguessr en chine KEKW,2
je trouve pas le 4 non plus,2
twitter c'est peut-√™tre un pays pour mv ?,1
Kart = carte,1
La fameuse kart d'un pays,1
la chine est un territoire de taiwan,2
il me semble que Chicago c'est un pays aussi,2
ah oui fromage en 2 c'est bien vu,2
il a 1 mot d'un ancien Guess?,2
pays en 4 ? j'aurais dit 3,2
Kart - Carte,1
naheulbeuk pour 3 : elf youtube fraternit√©,2
Tr√©sor public du pays ?,2
il a pris peur LUL,2
C'est quoi la musique ?,2
"Sarkozy : camembert, fraternit√© , elfe",2
J'ai vu dans le chat jdg mais  y'a twitchchez les autres,2
pays fromage ?,2
"Il a mit en 4 car il savait qu'ils allaient mettre ""chinois"" je pense",2
Tr√©sor peut-√™tre,2
"Tu peux mettre JDG en 5, je te laisse faire tes propres d√©ductions :D",1
parce qu'avec 2 il avait pas am√©ricain,2
Ca sent le camembert,2
monkaS,2
tr√©sor national peut √™tre,2
bof,2
naheulbeuk pour 3 : elf youtube fraternit√©.,2
Pain pour Elfe + grain comme le pain elfique qu'on fait avec du grain,2
le mur de chine LUL,1
grenier en 3,2
@balbroc *nain,2
"si chinois va dans le pays, americain aussi du coup",2
balbroc vieux partira avant elfe pour sarko,2
"Lambas pour grain, elfe et fraternit√©",2
@balbroc ouais mais y'a argent en noir LUL,2
@balbroc Mais Argent,2
"phantasma pour Elfe, Youtube et Grain (Grand JD LUL )",2
"terroir sinon : grain (grain de bl√©), camembert, fraternit√© mais il y a vieux",2
nice,2
et la ils disent argent,2
oui mais chinois ce n'est pas en bleu,2
les pays sont sur une kart?,2
Kart pour Carte je suppose,2
mur ????,2
ouais mais si ils prenait chinois en compte il prenait le risque qu'il clique sur chinois en preums et que √ßa passe le tour,2
argentine,2
√ßa va gg,2
Ferme pour Fraternit√© grain et camembert ?,2
Il met toutes celles qui sont faussses,2
"Americain et chinois, comprenpa",2
oof,2
oooooooh,2
Oui les bleus... vive le camembert üòà,1
naheulbeuk pour 3 : elf youtube fraternit√©.,2
Argentine LUL,2
Facteur J ?,2
@chiimchiim Le Mur de Berlin,2
mdr bon changement de plan mdr,2
Oouuuuuh,2
"en disant 4, c'est clair que c'est Chine, Gr√®ce, am√©ricain et chinois. En fonciton de l'ordre, il peut en avoir 3 au lieu des deux pays (Chine et Gr√®ce)",2
le facteur JDay,2
Elf c‚Äôest 11 en allemand hmmmh,2
@Toom39 si c'est ca c'est beau jeu :O,2
tr√©sor du pays,2
Jday le troisi√®me imposteur,2
la logique jday n'a pas de limite,2
Fraternit√© c‚Äôest la devise de notre pays,2
Tr√©sor national ?,2
Jday a sa prime forme,2
beaut√© en 3?,2
Twitch aussi grand qu'un pays,2
Allons nous assister √† un koudour ?,2
Peut-√™tre qu'il veut enlever Chinois pour s'en d√©barrasser,2
president,2
coudure pour mv,2
Sylvain en 3 : elfe youtube fraternit√© zrtRef zrtW,2
naheulbeuk pour 3 : elf youtube fraternit√©,2
je vois vraiment pas le quatri√®me que MV veut faire trouver,2
Pour elfe et Youtube : fiction ?,2
Argent c‚Äôest bien cA,2
@pouletvengeur Connaissant le vieux Monsieur √ßa ne m'√©tonnerait pas,2
le pays dans lequel tu cache ton argent?,2
@Dadyshup pas con mais est-ce qu'elles ont la ref ?,2
"ya pas un temps limit√©, je vois pas de chrono ?",2
@MelowCake √ßa peut passer en vrai,2
j'avoue je vois pas du tout le 4e,2
Le facteur J,2
JDay... LUL,2
Il a 100% fait expr√®s de dire 4 car il savait qu'ils allaient tomber sur le mot blanc,2
fran√ßais en 3,2
Petite musique de Hat in time,2
Arbre !!,2
JDay c'est vraiment mastermind,2
hobbit 3,2
La Fronce,2
"@Ayter c'est une option, ils ont pas mis",2
communauteyyyy,2
fiction en 2,2
France en 2 et beaut√© en 3 j'aurais tenter,2
naheulbeuk pour 3 : elf youtube fraternit√©,2
baguette en 3 !,2
grain de raisin,2
+1 pour le sylvain en 3 youtube fraternit√© elfe,2
Tr√©sor national pour pays ?,2
baguette !,2
TERROIR,2
Baguette,2
macron !!,2
Baguette en trois,2
baguette,2
utilise pas youtube,2
Anneaux en 2 Nourriture en 2,2
grain pour le pain ?,2
Beaut√© en 3,2
BAGUETTE en 3,2
Beaut√© en 3,2
Baguette,2
La muraille de chine il conna√Æt ?,2
lord of the ring ?,2
Fromage en 2,2
hobbit en 3 !!,2
Sylvain est un pr√©nom fran√ßais,2
Les fameux elfes fran√ßais,2
en 2!,2
france en 2 c'est safe au moins,2
"si, baguette = France",2
president sur youtube  aussi,1
Gaulois ?,2
LOTR en 2,2
On a le droit aux noms propres ? Genre Elrond,2
Communaut√© en 3 c'est donn√©,2
macron,2
beaut√© e' 3 ou 4,2
pixel = grain et youtube,2
Go baguette,2
Non ils vont dire vieux,2
baguette francaise,2
"""RPG 3"" pour JDG pour elfe et youtube",2
Sylvain durif,1
miette,2
Baguette en trois √ßa passe vraiment bien,2
fiction pour Youtube et Elfe,2
ommunaut√© piti√©,2
sandwich,2
Legolas en 2,2
communaut√© en 3,2
baguette en 3,2
baguette c pas mal,2
baguette √ßa peut trouver fraternit√© en vrai,2
coq sinon?,2
oujuste pain ?,2
"oui le grain francais, grenier de l'europe",2
baguette passe,2
nourriture en 2,2
bagueeeette en,2
taguer sur les mairie,2
pain doit pouvoir marcher avec camembert et grain,2
baguette 3 √ßa passe,2
y'a trop de truc pour france 3,2
baguette,2
gastronomie 3,2
Pain en 3 ??,2
France en 2 ?,2
baguette 3,2
Devise ?,2
baguette 3 c bien,2
communaut√© en 3,2
bah oui mais du coup ils vont croire qu'il leur en reste un en pays √† trouver,2
communaut√© ?,2
baguette 3,2
"Beaut√© en 3 pour grain, elfe et youtube",2
Quelqu'un disait Macron pour Youtube + camembert + fraternit√©,2
baguette c'est cool,2
France c'est bien c'est safe,2
baguette √ßa marche bien,2
laisse fraternit√© pour ce tour il h√©site avec.,2
France,2
copain en 3,2
Hobbit en 3,2
Perlinpinpin pour Elfe / Camembert / Fraternit√©,2
Lambas en 3,2
macron non ??,2
baguette en 3 j'aime perso,2
La aguets c'est bieb,2
"Grain de sable, la plage en France ?",2
baguette si,2
jday vient de t aidee,2
mario kart sur twitch,2
communaut√© c'est plus logique,2
"ATTENDS ! Ils ont un doute sur fraternit√©, donc tempo non ?",2
tradition en 3,2
trop dur,2
√ßa pue les elfe ?,2
Sandwich 3,2
Coq j'avoue,2
Le plus simple c'est de trouver une chaine avec 2 frere sur youtube,2
naheulbeuk pour 3 : elf youtube fraternit√©.,2
Baguette c‚Äôest bien !,2
Hobbit,2
COQ OUI,2
tran pour fraternit√© et youtube (le rire jaune),2
Pain c‚Äôest bien !,2
Baguette c‚Äôest bien,2
coq √ßa pourrait,2
Communaut√© en 3,2
beaut√© peut coller avec Poudre (maquillage),2
beaut√© ca peu passer,2
"""Laink"" pour youtube et camembert lol",2
fermier en 2,2
cuisine en 3  ?,2
La fronce,2
symboles en 2 ?,2
"fromage en grain, le quebec",2
Coq c'est bien,2
France c'est safe,2
fermier : grain camembert,2
baguette ca veut dire France,2
Beaut√© 3,2
Pr√©sident en 3?,2
baguette 3,2
"Communaut√© = Yt Fraternite Elfe, Baguette = Grain Camenbert",2
Coq,2
Commu en 3,2
Henry ?,2
"Gastronogeek pour ""Camembert"" ""Youtube et ""Grain""",1
coq c'est pas mal !,2
coq,2
"France c'est le mieux, √ßa ou nourriture avec grain et camembert",2
Mairie,2
baguette en 3 EZ,2
communaut√©,2
en vrai √ßa se trouve,2
macron en 3,2
libert√© √©galit√© faternit√©,2
perlinpinpin,1
baguette en 3,2
France c'est safe,2
pain en 3,2
Quelqu'un a dit Naheulbeuk c'est pas mal !,2
cosplay (Youtube / Elfe),2
baguette = france le raccourci est facile,2
@AntoineDaniel communaut√©√©√©√©√©,2
En 4 Mont√© : Youtuber fr qui a d√©j√† fait une vid√©o sur l'elfique LUL LUL,1
naheulbeuck,2
Fran√ßais tout simplement √ßa passe,2
ben ils penseront √† la france,2
l√©golas en 2,2
en 3 ils l'auront,2
communaut√©,2
mais si,2
legolas en 2!,2
"Communaut√© en 3, fraternit√©, elfe et YouTube",2
link. elf et grain (poule),2
"""Partager"" ?",2
en 2 president,2
lotr en 2,2
cocorico ?,2
Sal√© en 3 ?,2
france = camambert et fraternit√©,2
Francais en 2,2
"Coq: Graiin,",2
La fameuse baguette de la fraternit√©,2
Terroir ?,2
coq,2
en 2 c'est plus safe,2
poule en 3,2
sylvestre 2,2
Beaut√© en 3,2
"Lambas en 3 ? (Grain, Elfe, Fraternit√©)",2
coq,2
Y a des baguettes avec des graines dessus,2
cocorico,2
coq c'est bien,2
jd va call fraternit√©,2
cocorico en 3,2
fiction en 2,2
coq c'est bien!,2
Coq en vrai pourquoi pas,2
"baguette = france = libert√© √©galit√© frater,it√©",2
patrimoines,2
Naheulwow pour 3,2
biscotte,2
communaut√©,2
pain en 3,2
